idprovincia,denominacion,iddepartamento,denominacion,departamento,viviendas_particulares,viviendas_colectivas,poblacion1,poblacion_viviendas_particulares,poblacion_viviendas_colectivas,poblacion_situacion_calle,poblacion2,mujeres,varones,generox
2,CABA,2001,COMUNA 01,2001,136185,423,223282,220575,2465,242,220817,115670,105124,23
2,CABA,2002,COMUNA 02,2002,109754,145,158368,157055,1276,37,157092,88463,68576,53
2,CABA,2003,COMUNA 03,2003,111907,192,195462,192643,2647,172,192815,104014,88762,39
2,CABA,2004,COMUNA 04,2004,101524,65,230945,229023,1852,70,229093,120904,108164,25
2,CABA,2005,COMUNA 05,2005,107271,109,193859,191714,2135,10,191724,104706,86953,65
2,CABA,2006,COMUNA 06,2006,108006,65,203784,202488,1254,42,202530,111362,91073,95
2,CABA,2007,COMUNA 07,2007,101999,107,216832,214282,2515,35,214317,114516,99711,90
2,CABA,2008,COMUNA 08,2008,71280,15,204842,204653,186,3,204656,107732,96884,40
2,CABA,2009,COMUNA 09,2009,76171,60,169538,168303,1210,25,168328,88598,79709,21
2,CABA,2010,COMUNA 10,2010,84382,55,171797,170497,1282,18,170515,90907,79555,53
2,CABA,2011,COMUNA 11,2011,103933,66,203491,200521,2959,11,200532,107527,92894,111
2,CABA,2012,COMUNA 12,2012,121272,80,236294,234752,1524,18,234770,125759,108969,42
2,CABA,2013,COMUNA 13,2013,146543,79,265199,262972,2141,86,263058,144479,118542,37
2,CABA,2014,COMUNA 14,2014,153721,411,249016,247447,1486,83,247530,137048,110352,130
2,CABA,2015,COMUNA 15,2015,104816,74,197903,196017,1835,51,196068,105189,90844,35
6,Buenos Aires,6007,Adolfo Alsina,6007,8799,29,17666,17460,206,0,17460,8773,8687,0
6,Buenos Aires,6014,Adolfo Gonzales Chaves,6014,5936,11,12954,12885,69,0,12885,6596,6287,2
6,Buenos Aires,6021,Alberti,6021,5950,10,12726,12650,76,0,12650,6491,6155,4
6,Buenos Aires,6028,Almirante Brown,6028,184403,60,585852,583666,2186,0,583666,301779,281842,45
6,Buenos Aires,6035,Avellaneda,6035,144988,64,370939,369556,1383,0,369556,194911,174572,73
6,Buenos Aires,6042,Ayacucho,6042,9748,18,22136,21881,255,0,21881,11170,10707,4
6,Buenos Aires,6049,Azul,6049,32273,46,75396,74893,503,0,74893,38804,36074,15
6,Buenos Aires,6056,Bahía Blanca,6056,150503,121,335190,333018,2172,0,333018,173210,159685,123
6,Buenos Aires,6063,Balcarce,6063,20663,28,51736,51266,470,0,51266,26388,24869,9
6,Buenos Aires,6070,Baradero,6070,15219,33,38526,37921,605,0,37921,19395,18525,1
6,Buenos Aires,6077,Arrecifes,6077,12715,15,32405,32229,176,0,32229,16703,15525,1
6,Buenos Aires,6084,Benito Juárez,6084,9420,22,22558,21411,1147,0,21411,10911,10497,3
6,Buenos Aires,6091,Berazategui,6091,117699,37,360582,360178,404,0,360178,186255,173892,31
6,Buenos Aires,6098,Berisso,6098,35958,24,101263,100917,346,0,100917,52437,48472,8
6,Buenos Aires,6105,Bolívar,6105,17702,41,38119,36900,1219,0,36900,19138,17756,6
6,Buenos Aires,6112,Bragado,6112,20240,27,44972,44643,329,0,44643,23018,21584,41
6,Buenos Aires,6119,Brandsen,6119,14859,19,33026,32933,93,0,32933,16824,16108,1
6,Buenos Aires,6126,Campana,6126,40926,31,110726,108115,2611,0,108115,55161,52953,1
6,Buenos Aires,6134,Cañuelas,6134,27418,13,71149,70978,171,0,70978,36139,34835,4
6,Buenos Aires,6140,Capitán Sarmiento,6140,6332,10,15906,15823,83,0,15823,8184,7638,1
6,Buenos Aires,6147,Carlos Casares,6147,11244,8,23204,23174,30,0,23174,11891,11283,0
6,Buenos Aires,6154,Carlos Tejedor,6154,5461,8,13148,13072,76,0,13072,6549,6494,29
6,Buenos Aires,6161,Carmen de Areco,6161,7173,11,17386,17232,154,0,17232,8679,8552,1
6,Buenos Aires,6168,Castelli,6168,4093,7,10517,10473,44,0,10473,5341,5129,3
6,Buenos Aires,6175,Colón,6175,11031,13,27356,27245,111,0,27245,14001,13216,28
6,Buenos Aires,6182,Coronel de Marina L. Rosales,6182,28106,74,70407,66103,4304,0,66103,34261,31806,36
6,Buenos Aires,6189,Coronel Dorrego,6189,8653,19,16227,16057,170,0,16057,8228,7828,1
6,Buenos Aires,6196,Coronel Pringles,6196,11394,20,24249,24006,243,0,24006,12482,11513,11
6,Buenos Aires,6203,Coronel Suárez,6203,19599,37,42676,42276,400,0,42276,21702,20560,14
6,Buenos Aires,6210,Chacabuco,6210,24604,22,53157,52837,320,0,52837,27275,25555,7
6,Buenos Aires,6218,Chascomús,6217,18555,86,42914,42628,286,0,42628,21899,20728,1
6,Buenos Aires,6224,Chivilcoy,6224,32044,28,70765,70437,328,0,70437,36736,33693,8
6,Buenos Aires,6231,Daireaux,6231,7566,16,19149,19066,83,0,19066,9715,9339,12
6,Buenos Aires,6238,Dolores,6238,13772,9,31606,31002,604,0,31002,16104,14893,5
6,Buenos Aires,6245,Ensenada,6245,24239,3,64406,64381,25,0,64381,33214,31163,4
6,Buenos Aires,6252,Escobar,6252,95109,23,256449,256144,305,0,256144,130411,125709,24
6,Buenos Aires,6260,Esteban Echeverría,6260,109969,40,339030,338466,564,0,338466,174468,163974,24
6,Buenos Aires,6266,Exaltación de la Cruz,6266,17501,31,39347,39193,154,0,39193,19849,19338,6
6,Buenos Aires,6270,Ezeiza,6270,65987,18,203283,200487,2796,0,200487,102703,97766,18
6,Buenos Aires,6274,Florencio Varela,6274,145546,26,497818,489577,8241,0,489577,250192,239305,80
6,Buenos Aires,6277,Florentino Ameghino,6277,4133,7,9785,9752,33,0,9752,4945,4805,2
6,Buenos Aires,6280,General Alvarado,6280,38817,135,45597,45252,345,0,45252,23339,21910,3
6,Buenos Aires,6287,General Alvear,6287,4529,9,12941,10221,2720,0,10221,5174,5047,0
6,Buenos Aires,6294,General Arenales,6294,7467,7,16050,15988,62,0,15988,8174,7813,1
6,Buenos Aires,6301,General Belgrano,6301,9714,29,21251,21135,116,0,21135,10928,10203,4
6,Buenos Aires,6308,General Guido,6308,1634,4,3226,3210,16,0,3210,1587,1622,1
6,Buenos Aires,6315,General Juan Madariaga,6315,9348,4,23019,22983,36,0,22983,11980,11001,2
6,Buenos Aires,6322,General La Madrid,6322,5313,11,11666,11580,86,0,11580,5911,5668,1
6,Buenos Aires,6329,General Las Heras,6329,6853,13,17572,17496,76,0,17496,8977,8517,2
6,Buenos Aires,6336,General Lavalle,6336,1961,10,4949,4906,43,0,4906,2487,2419,0
6,Buenos Aires,6343,General Paz,6343,6836,6,14230,14164,66,0,14164,7238,6926,0
6,Buenos Aires,6351,General Pinto,6351,5829,9,12223,12124,99,0,12124,6170,5951,3
6,Buenos Aires,6357,General Pueyrredón,6357,348264,742,682605,675759,6719,127,675886,355574,320123,189
6,Buenos Aires,6364,General Rodríguez,6364,53299,24,143211,142963,248,0,142963,72450,70498,15
6,Buenos Aires,6371,General San Martín,6371,175969,113,450335,447049,3256,30,447079,233690,213300,89
6,Buenos Aires,6385,General Viamonte,6385,8820,27,20068,19916,152,0,19916,10268,9641,7
6,Buenos Aires,6392,General Villegas,6392,14829,37,33679,33470,209,0,33470,16867,16586,17
6,Buenos Aires,6399,Guaminí,6399,5740,18,12005,11849,156,0,11849,5959,5889,1
6,Buenos Aires,6406,Hipólito Yrigoyen,6406,4493,10,10539,10449,90,0,10449,5312,5136,1
6,Buenos Aires,6408,Hurlingham,6408,66033,19,187122,186721,401,0,186721,97118,89551,52
6,Buenos Aires,6410,Ituzaingó,6410,64175,37,179788,177571,2217,0,177571,92708,84855,8
6,Buenos Aires,6412,José C. Paz,6412,97098,27,323918,323450,441,27,323477,165831,157631,15
6,Buenos Aires,6413,Junín,6413,44243,58,101762,98903,2859,0,98903,51563,47308,32
6,Buenos Aires,6420,La Costa,6420,128491,357,102836,102512,324,0,102512,52777,49673,62
6,Buenos Aires,6427,La Matanza,6427,577276,126,1837774,1833628,3806,340,1833968,950847,883023,98
6,Buenos Aires,6434,Lanús,6434,179531,71,462051,460578,1440,33,460611,242328,218238,45
6,Buenos Aires,6441,La Plata,6441,328904,215,772618,763047,9534,37,763084,399339,363647,98
6,Buenos Aires,6448,Laprida,6448,5460,11,11726,11578,148,0,11578,5984,5594,0
6,Buenos Aires,6455,Las Flores,6455,12032,13,26651,26551,100,0,26551,13762,12782,7
6,Buenos Aires,6462,Leandro N. Alem,6462,7483,13,17587,17475,112,0,17475,8941,8534,0
6,Buenos Aires,6466,Lezama,6466,3054,9,6231,6180,51,0,6180,3181,2999,0
6,Buenos Aires,6469,Lincoln,6469,20111,36,44974,44654,320,0,44654,22887,21762,5
6,Buenos Aires,6476,Lobería,6476,8130,29,18234,18079,155,0,18079,9109,8968,2
6,Buenos Aires,6483,Lobos,6483,18811,38,41717,41373,344,0,41373,21428,19935,10
6,Buenos Aires,6490,Lomas de Zamora,6490,235524,13,694330,691339,2907,84,691423,359231,332115,77
6,Buenos Aires,6497,Luján,6497,41264,84,111365,109540,1825,0,109540,56749,52777,14
6,Buenos Aires,6505,Magdalena,6505,9120,15,26734,22767,3967,0,22767,11543,11219,5
6,Buenos Aires,6511,Maipú,6511,4847,15,11517,11438,79,0,11438,5980,5458,0
6,Buenos Aires,6515,Malvinas Argentinas,6515,102499,35,351788,350424,1364,0,350424,180317,170055,52
6,Buenos Aires,6518,Mar Chiquita,6518,21667,68,33284,33127,157,0,33127,16795,16327,5
6,Buenos Aires,6525,Marcos Paz,6525,22646,6,67154,64821,2333,0,64821,33043,31768,10
6,Buenos Aires,6532,Mercedes,6532,30326,51,73477,71523,1954,0,71523,37009,34479,35
6,Buenos Aires,6539,Merlo,6539,180037,49,580806,579853,953,0,579853,298729,281098,26
6,Buenos Aires,6547,Monte,6547,10625,43,24481,24197,284,0,24197,12378,11808,11
6,Buenos Aires,6553,Monte Hermoso,6553,12008,27,8821,8787,34,0,8787,4413,4373,1
6,Buenos Aires,6560,Moreno,6560,185037,69,574374,573358,974,42,573400,293251,280118,31
6,Buenos Aires,6568,Morón,6568,141866,74,334178,332432,1703,43,332475,175565,156891,19
6,Buenos Aires,6574,Navarro,6574,8541,6,20383,20339,44,0,20339,10324,10013,2
6,Buenos Aires,6581,Necochea,6581,49557,136,104977,104176,801,0,104176,54353,49805,18
6,Buenos Aires,6588,9 de Julio,6588,23606,24,52941,52704,237,0,52704,27267,25406,31
6,Buenos Aires,6595,Olavarría,6595,51896,93,126328,122446,3882,0,122446,63311,59113,22
6,Buenos Aires,6602,Patagones,6602,17339,47,37811,37633,178,0,37633,19100,18532,1
6,Buenos Aires,6609,Pehuajó,6609,19902,27,42561,42355,206,0,42355,22027,20301,27
6,Buenos Aires,6616,Pellegrini,6616,3152,6,6948,6917,31,0,6917,3502,3412,3
6,Buenos Aires,6623,Pergamino,6623,47846,49,114052,113718,334,0,113718,59193,54500,25
6,Buenos Aires,6630,Pila,6630,2175,3,4609,4582,27,0,4582,2323,2259,0
6,Buenos Aires,6638,Pilar,6638,137425,46,395072,393653,1419,0,393653,200981,192632,40
6,Buenos Aires,6644,Pinamar,6644,32076,330,40259,39988,271,0,39988,20162,19813,13
6,Buenos Aires,6648,Presidente Perón,6648,32163,8,102128,102017,111,0,102017,52133,49879,5
6,Buenos Aires,6651,Puán,6651,8792,17,16427,16150,277,0,16150,8216,7932,2
6,Buenos Aires,6655,Punta Indio,6655,6760,19,12419,12269,150,0,12269,6222,6047,0
6,Buenos Aires,6658,Quilmes,6658,221757,94,636026,634029,1961,36,634065,329672,304299,94
6,Buenos Aires,6665,Ramallo,6665,14765,31,39116,39035,81,0,39035,19900,19133,2
6,Buenos Aires,6672,Rauch,6672,8154,14,17234,17088,146,0,17088,8648,8437,3
6,Buenos Aires,6679,Rivadavia,6679,8285,19,19844,19730,114,0,19730,9912,9815,3
6,Buenos Aires,6686,Rojas,6686,11702,1,25290,25289,1,0,25289,13040,12248,1
6,Buenos Aires,6693,Roque Pérez,6693,6050,7,14032,13958,74,0,13958,7142,6816,0
6,Buenos Aires,6700,Saavedra,6700,10602,37,22846,21615,1231,0,21615,11086,10528,1
6,Buenos Aires,6707,Saladillo,6707,16186,27,35669,35566,103,0,35566,18261,17305,0
6,Buenos Aires,6714,Salto,6714,15762,12,40157,39989,168,0,39989,20337,19633,19
6,Buenos Aires,6721,Salliqueló,6721,4455,13,9941,9858,83,0,9858,5010,4844,4
6,Buenos Aires,6728,San Andrés de Giles,6728,11035,9,26474,26365,109,0,26365,13288,13077,0
6,Buenos Aires,6735,San Antonio de Areco,6735,10554,29,26671,26466,205,0,26466,13622,12844,0
6,Buenos Aires,6742,San Cayetano,6742,4684,11,9611,9535,76,0,9535,4875,4657,3
6,Buenos Aires,6749,San Fernando,6749,62326,74,172524,171602,896,26,171628,89879,81719,30
6,Buenos Aires,6756,San Isidro,6756,121246,78,298777,297474,1291,12,297486,157584,139818,84
6,Buenos Aires,6760,San Miguel,6760,107723,50,326215,325802,363,50,325852,168569,157244,39
6,Buenos Aires,6763,San Nicolás,6763,60145,59,165375,163835,1540,0,163835,84431,79319,85
6,Buenos Aires,6770,San Pedro,6770,25900,96,69616,69288,328,0,69288,35588,33697,3
6,Buenos Aires,6778,San Vicente,6778,35793,6,98977,98606,371,0,98606,50265,48330,11
6,Buenos Aires,6784,Suipacha,6784,4928,10,11867,11823,44,0,11823,6026,5793,4
6,Buenos Aires,6791,Tandil,6791,64652,217,150162,149167,995,0,149167,77479,71654,34
6,Buenos Aires,6798,Tapalqué,6798,4727,7,10901,10813,88,0,10813,5493,5309,11
6,Buenos Aires,6805,Tigre,6805,152750,54,447785,443932,3853,0,443932,228822,215056,54
6,Buenos Aires,6812,Tordillo,6812,1091,3,2672,2644,28,0,2644,1276,1367,1
6,Buenos Aires,6819,Tornquist,6819,7893,155,14669,14413,256,0,14413,7326,7083,4
6,Buenos Aires,6826,Trenque Lauquen,6826,21936,49,48423,47924,499,0,47924,24451,23459,14
6,Buenos Aires,6833,Tres Arroyos,6833,33678,71,62835,62371,464,0,62371,32022,30348,1
6,Buenos Aires,6840,Tres de Febrero,6840,149029,67,366377,364601,1740,36,364637,191265,173299,73
6,Buenos Aires,6847,Tres Lomas,6847,4251,10,8825,8751,74,0,8751,4366,4385,0
6,Buenos Aires,6854,25 de Mayo,6854,16272,32,36676,36436,240,0,36436,18724,17699,13
6,Buenos Aires,6861,Vicente López,6861,126139,88,283510,281735,1737,38,281773,149903,131723,147
6,Buenos Aires,6868,Villa Gesell,6868,31057,243,38614,38539,75,0,38539,19873,18659,7
6,Buenos Aires,6875,Villarino,6875,13434,48,33170,32979,191,0,32979,16418,16560,1
6,Buenos Aires,6882,Zárate,6882,49539,22,132087,131343,744,0,131343,67612,63724,7
10,Catamarca,10007,Ambato,10007,3998,18,5027,4991,36,0,4991,2455,2536,0
10,Catamarca,10014,Ancasti,10014,1517,6,3294,3271,23,0,3271,1532,1739,0
10,Catamarca,10021,Andalgalá,10021,7830,42,19364,19226,138,0,19226,9673,9553,0
10,Catamarca,10028,Antofagasta de la Sierra,10028,976,42,2008,1777,231,0,1777,843,934,0
10,Catamarca,10035,Belén,10035,11603,42,30736,30504,232,0,30504,15580,14924,0
10,Catamarca,10042,Capayán,10042,7528,18,19740,19327,413,0,19327,9635,9684,8
10,Catamarca,10049,Capital,10049,63857,68,188489,187931,556,2,187933,97833,90087,13
10,Catamarca,10056,El Alto,10056,2157,4,4251,4251,0,0,4251,2061,2190,0
10,Catamarca,10063,Fray Mamerto Esquiú,10063,4844,7,14565,14564,1,0,14564,7346,7214,4
10,Catamarca,10070,La Paz,10070,9855,23,25796,25775,21,0,25775,13007,12768,0
10,Catamarca,10077,Paclín,10077,2670,20,4764,4735,29,0,4735,2304,2431,0
10,Catamarca,10084,Pomán,10084,4762,26,11845,11804,41,0,11804,5853,5951,0
10,Catamarca,10091,Santa María,10091,10561,36,27186,26997,189,0,26997,13913,13084,0
10,Catamarca,10098,Santa Rosa,10098,4704,15,13383,13378,5,0,13378,6651,6722,5
10,Catamarca,10105,Tinogasta,10105,10353,65,25198,25054,144,0,25054,12635,12419,0
10,Catamarca,10112,Valle Viejo,10112,11774,17,33910,33830,80,0,33830,17207,16622,1
14,Córdoba,14007,Calamuchita,14007,46239,329,79591,78998,593,0,78998,39910,39057,31
14,Córdoba,14014,Capital,14014,621047,548,1565112,1556935,8101,76,1557011,817099,739657,255
14,Córdoba,14021,Colón,14021,106337,142,303120,302058,1062,0,302058,154995,147023,40
14,Córdoba,14028,Cruz del Eje,14028,24537,53,69214,66799,2415,0,66799,34457,32331,11
14,Córdoba,14035,General Roca,14035,16027,37,36873,36666,207,0,36666,18205,18461,0
14,Córdoba,14042,General San Martín,14042,68166,107,162306,160278,2025,3,160281,82600,77642,39
14,Córdoba,14049,Ischilín,14049,14430,30,36726,36621,105,0,36621,18877,17740,4
14,Córdoba,14056,Juárez Celman,14056,27992,63,75307,74981,326,0,74981,37755,37221,5
14,Córdoba,14063,Marcos Juárez,14063,49798,98,113635,112827,808,0,112827,57698,55119,10
14,Córdoba,14070,Minas,14070,2507,6,4892,4877,15,0,4877,2399,2478,0
14,Córdoba,14077,Pocho,14077,2821,14,5420,5351,69,0,5351,2657,2693,1
14,Córdoba,14084,Presidente Roque Sáenz Peña,14084,16496,32,39221,39021,200,0,39021,19714,19304,3
14,Córdoba,14091,Punilla,14091,108032,694,226947,224969,1978,0,224969,117505,107403,61
14,Córdoba,14098,Río Cuarto,14098,127339,167,292293,289857,2424,12,289869,150235,139606,28
14,Córdoba,14105,Río Primero,14105,22273,24,59898,59656,242,0,59656,30186,29450,20
14,Córdoba,14112,Río Seco,14112,6593,14,15778,15751,27,0,15751,7869,7863,19
14,Córdoba,14119,Río Segundo,14119,45670,93,117618,116916,702,0,116916,60279,56634,3
14,Córdoba,14126,San Alberto,14126,20336,34,44116,43950,166,0,43950,22491,21453,6
14,Córdoba,14133,San Javier,14133,28840,83,64462,63760,702,0,63760,33293,30465,2
14,Córdoba,14140,San Justo,14140,97587,269,234466,232551,1915,0,232551,118824,113694,33
14,Córdoba,14147,Santa María,14147,59551,429,147357,140849,6508,0,140849,72128,68703,18
14,Córdoba,14154,Sobremonte,14154,1994,21,4648,4523,125,0,4523,2295,2228,0
14,Córdoba,14161,Tercero Arriba,14161,51126,127,124592,123779,813,0,123779,63981,59763,35
14,Córdoba,14168,Totoral,14168,9072,23,22680,22543,137,0,22543,11310,11233,0
14,Córdoba,14175,Tulumba,14175,7068,27,14340,14284,56,0,14284,7182,7101,1
14,Córdoba,14182,Unión,14182,48478,84,118372,117435,937,0,117435,59615,57813,7
18,Corrientes,18007,Bella Vista,18007,14385,19,44913,44876,33,4,44880,22814,22063,3
18,Corrientes,18014,Berón de Astrada,18014,1404,0,2824,2824,0,0,2824,1388,1436,0
18,Corrientes,18021,Capital,18021,141894,131,432192,431079,1090,23,431102,225221,205808,73
18,Corrientes,18028,Concepción,18028,7995,0,25823,25823,0,0,25823,12829,12992,2
18,Corrientes,18035,Curuzú Cuatiá,18035,18041,13,51616,51573,43,0,51573,26625,24945,3
18,Corrientes,18042,Empedrado,18042,6471,2,18017,17997,20,0,17997,9102,8890,5
18,Corrientes,18049,Esquina,18049,12713,183,37040,37022,18,0,37022,19006,17987,29
18,Corrientes,18056,General Alvear,18056,3391,14,9130,9036,94,0,9036,4532,4501,3
18,Corrientes,18063,General Paz,18063,6337,15,16730,16725,5,0,16725,8470,8253,2
18,Corrientes,18070,Goya,18070,35524,31,106458,106306,149,3,106309,55193,51096,20
18,Corrientes,18077,Itatí,18077,3810,1,12068,12068,0,0,12068,6067,6001,0
18,Corrientes,18084,Ituzaingó,18084,14726,27,38787,38725,57,5,38730,19544,19181,5
18,Corrientes,18091,Lavalle,18091,11689,4,38664,38643,21,0,38643,19329,19304,10
18,Corrientes,18098,Mburucuyá,18098,4258,0,11767,11767,0,0,11767,5968,5792,7
18,Corrientes,18105,Mercedes,18105,16888,33,49200,49152,48,0,49152,25097,24045,10
18,Corrientes,18112,Monte Caseros,18112,15518,12,44878,44828,50,0,44828,22725,22080,23
18,Corrientes,18119,Paso de los Libres,18119,19166,7,57121,56990,128,3,56993,29569,27417,7
18,Corrientes,18126,Saladas,18126,8676,17,27752,27679,73,0,27679,14095,13572,12
18,Corrientes,18133,San Cosme,18133,10814,1,19350,19338,12,0,19338,9565,9769,4
18,Corrientes,18140,San Luis del Palmar,18140,6796,5,21039,20961,78,0,20961,10716,10216,29
18,Corrientes,18147,San Martín,18147,5666,29,15192,15185,7,0,15185,7819,7363,3
18,Corrientes,18154,San Miguel,18154,4128,2,12476,12464,12,0,12464,6255,6206,3
18,Corrientes,18161,San Roque,18161,7130,0,22309,22309,0,0,22309,11243,11054,12
18,Corrientes,18168,Santo Tomé,18168,25500,9,71796,71757,39,0,71757,36830,34923,4
18,Corrientes,18175,Sauce,18175,3560,0,10411,10411,0,0,10411,5291,5119,1
22,Chaco,22007,Almirante Brown,22007,14421,11,38408,38384,24,0,38384,19399,18985,0
22,Chaco,22014,Bermejo,22014,10095,17,28354,28239,115,0,28239,14363,13873,3
22,Chaco,22021,Comandante Fernández,22021,37425,42,102086,101133,953,0,101133,53102,48028,3
22,Chaco,22028,Chacabuco,22028,12806,19,34674,34569,105,0,34569,17783,16785,1
22,Chaco,22036,12 de Octubre,22036,8205,9,23794,23715,79,0,23715,11978,11737,0
22,Chaco,22039,2 de Abril,22039,3608,7,9336,9326,10,0,9326,4698,4628,0
22,Chaco,22043,Fray Justo Santa María de Oro,22043,4161,7,10673,10646,27,0,10646,5333,5312,1
22,Chaco,22049,General Belgrano,22049,4190,0,12822,12822,0,0,12822,6470,6352,0
22,Chaco,22056,General Donovan,22056,5290,2,15515,15506,9,0,15506,7821,7685,0
22,Chaco,22063,General Güemes,22063,25634,59,68341,67875,466,0,67875,34447,33426,2
22,Chaco,22070,Independencia,22070,7703,6,22168,22089,79,0,22089,11449,10640,0
22,Chaco,22077,Libertad,22077,4385,7,13839,13769,70,0,13769,7014,6755,0
22,Chaco,22084,Libertador General San Martín,22084,21589,33,65588,65242,346,0,65242,33091,32147,4
22,Chaco,22091,Maipú,22091,9615,6,26486,26418,68,0,26418,13421,12994,3
22,Chaco,22098,Mayor Luis J. Fontana,22098,22784,25,61561,61385,176,0,61385,31927,29457,1
22,Chaco,22105,9 de Julio,22105,11754,8,30630,30586,44,0,30586,15694,14886,6
22,Chaco,22112,O'Higgins,22112,7812,9,22069,22026,43,0,22026,11245,10781,0
22,Chaco,22119,Presidencia de la Plaza,22119,5032,11,14003,13982,21,0,13982,7161,6819,2
22,Chaco,22126,1º de Mayo,22126,5538,5,14484,14469,15,0,14469,7313,7155,1
22,Chaco,22133,Quitilipi,22133,11397,13,32605,32373,232,0,32373,16557,15816,0
22,Chaco,22140,San Fernando,22140,142311,104,423380,420621,2700,59,420680,220979,199684,17
22,Chaco,22147,San Lorenzo,22147,6207,5,16235,16218,17,0,16218,8295,7923,0
22,Chaco,22154,Sargento Cabral,22154,6733,13,18788,18701,87,0,18701,9464,9237,0
22,Chaco,22161,Tapenagá,22161,1595,9,4166,4158,8,0,4158,2052,2106,0
22,Chaco,22168,25 de Mayo,22168,11368,16,32958,32775,183,0,32775,16580,16195,0
26,Chubut,26007,Biedma,26007,40136,174,106436,106048,344,44,106092,53706,52333,53
26,Chubut,26014,Cushamen,26014,12850,263,28183,28067,116,0,28067,14196,13870,1
26,Chubut,26021,Escalante,26021,80728,49,219235,218520,715,0,218520,111060,107441,19
26,Chubut,26028,Florentino Ameghino,26028,805,4,1796,1792,4,0,1792,858,934,0
26,Chubut,26035,Futaleufú,26035,20269,201,50892,50403,489,0,50403,26247,24155,1
26,Chubut,26042,Gaiman,26042,4928,72,12711,12594,117,0,12594,6342,6252,0
26,Chubut,26049,Gastre,26049,781,5,1327,1313,14,0,1313,567,745,1
26,Chubut,26056,Languiñeo,26056,1602,32,2955,2905,50,0,2905,1394,1510,1
26,Chubut,26063,Mártires,26063,352,5,757,746,11,0,746,316,430,0
26,Chubut,26070,Paso de Indios,26070,1116,16,1882,1877,5,0,1877,869,1008,0
26,Chubut,26077,Rawson,26077,59946,121,148019,146620,1399,0,146620,75848,70770,2
26,Chubut,26084,Río Senguer,26084,2952,20,6538,6466,72,0,6466,3097,3368,1
26,Chubut,26091,Sarmiento ,26091,5526,91,14698,14575,123,0,14575,7203,7372,0
26,Chubut,26098,Tehuelches,26098,3086,58,6010,5976,34,0,5976,2889,3087,0
26,Chubut,26105,Telsen,26105,933,12,1681,1666,15,0,1666,772,894,0
30,Entre Ríos,30008,Colón,30008,31733,270,75091,74649,442,0,74649,37960,36677,12
30,Entre Ríos,30015,Concordia,30015,70152,121,199634,198163,1471,0,198163,101963,96162,38
30,Entre Ríos,30021,Diamante,30021,23453,74,54121,52632,1489,0,52632,27004,25619,9
30,Entre Ríos,30028,Federación,30028,28081,161,79449,79050,316,83,79133,39706,39421,6
30,Entre Ríos,30035,Federal,30035,11303,21,29569,29333,236,0,29333,14854,14479,0
30,Entre Ríos,30042,Feliciano,30042,6015,11,16597,16509,88,0,16509,8427,8081,1
30,Entre Ríos,30049,Gualeguay,30049,23115,36,57865,57380,485,0,57380,29537,27839,4
30,Entre Ríos,30056,Gualeguaychú,30056,52962,100,126765,125775,990,0,125775,64764,60988,23
30,Entre Ríos,30063,Islas del Ibicuy,30063,5940,12,14075,14060,15,0,14060,6970,7088,2
30,Entre Ríos,30070,La Paz,30070,26554,15,74872,74762,110,0,74762,38276,36472,14
30,Entre Ríos,30077,Nogoyá,30077,17213,23,42371,42090,281,0,42090,21443,20632,15
30,Entre Ríos,30084,Paraná,30084,154392,161,391962,389758,2153,51,389809,203157,186619,33
30,Entre Ríos,30088,San Salvador,30088,7988,11,20816,20749,67,0,20749,10503,10236,10
30,Entre Ríos,30091,Tala,30091,13365,21,30840,30573,267,0,30573,15800,14766,7
30,Entre Ríos,30098,Uruguay,30098,48661,42,116430,115703,722,5,115708,59596,56092,20
30,Entre Ríos,30105,Victoria,30105,17438,51,40777,40424,353,0,40424,20642,19781,1
30,Entre Ríos,30113,Villaguay,30113,21033,29,55192,54714,478,0,54714,27904,26746,64
34,Formosa,34007,Bermejo,34007,5785,2,15385,15370,15,0,15370,7413,7956,1
34,Formosa,34014,Formosa,34014,94024,111,271112,270007,1105,0,270007,140812,129176,19
34,Formosa,34021,Laishi,34021,7732,14,19363,19335,28,0,19335,9702,9633,0
34,Formosa,34028,Matacos,34028,5948,4,16994,16979,15,0,16979,8616,8362,1
34,Formosa,34035,Patiño,34035,29875,27,80718,80499,219,0,80499,40064,40416,19
34,Formosa,34042,Pilagás,34042,7153,17,18875,18848,27,0,18848,9447,9401,0
34,Formosa,34049,Pilcomayo,34049,30751,16,93774,93715,59,0,93715,48212,45490,13
34,Formosa,34056,Pirané,34056,27061,26,72053,71817,236,0,71817,36396,35407,14
34,Formosa,34063,Ramón Lista,34063,4612,15,17767,17708,59,0,17708,8896,8812,0
38,Jujuy,38007,Cochinoca,38007,6619,19,14599,14516,83,0,14516,7593,6923,0
38,Jujuy,38014,El Carmen,38014,37853,0,119076,119076,0,0,119076,60360,58679,37
38,Jujuy,38021,Dr. Manuel Belgrano,38021,106988,13,315491,315243,166,82,315325,165011,150226,88
38,Jujuy,38028,Humahuaca,38028,9599,26,19520,19477,43,0,19477,10229,9214,34
38,Jujuy,38035,Ledesma,38035,30493,12,93007,92981,26,0,92981,47057,45911,13
38,Jujuy,38042,Palpalá,38042,21162,6,65531,65499,32,0,65499,33489,32004,6
38,Jujuy,38049,Rinconada,38049,964,0,1765,1765,0,0,1765,879,884,2
38,Jujuy,38056,San Antonio,38056,2815,0,6641,6641,0,0,6641,3304,3337,0
38,Jujuy,38063,San Pedro,38063,29876,8,87758,87728,30,0,87728,44882,42790,56
38,Jujuy,38070,Santa Bárbara,38070,7028,0,20465,20465,0,0,20465,10041,10414,10
38,Jujuy,38077,Santa Catalina,38077,1435,9,2213,2208,5,0,2208,1138,1069,1
38,Jujuy,38084,Susques,38084,1601,20,3980,3826,154,0,3826,1934,1889,3
38,Jujuy,38094,Tilcara,38094,6551,120,14841,14738,103,0,14738,7612,7125,1
38,Jujuy,38098,Tumbaya,38098,2142,79,5393,5190,203,0,5190,2663,2524,3
38,Jujuy,38105,Valle Grande,38105,1680,14,2406,2387,19,0,2387,1190,1195,2
38,Jujuy,38112,Yavi,38112,9416,0,25269,25269,0,0,25269,13371,11883,15
42,La Pampa,42007,Atreucó,42007,5421,24,11319,11231,88,0,11231,5627,5604,0
42,La Pampa,42014,Caleu Caleu,42014,1264,13,2625,2625,0,0,2625,1309,1316,0
42,La Pampa,42021,Capital,42021,53219,0,120473,120469,0,4,120473,62765,57707,1
42,La Pampa,42028,Catriló,42028,3763,8,8287,8262,25,0,8262,4121,4141,0
42,La Pampa,42035,Conhelo,42035,7299,19,15390,15280,110,0,15280,7681,7598,1
42,La Pampa,42042,Curacó,42042,645,1,1165,1066,99,0,1066,495,571,0
42,La Pampa,42049,Chalileo,42049,1351,15,2911,2895,16,0,2895,1473,1422,0
42,La Pampa,42056,Chapaleufú,42056,5549,21,12500,12429,71,0,12429,6194,6234,1
42,La Pampa,42063,Chical Co,42063,790,4,1491,1472,19,0,1472,716,756,0
42,La Pampa,42070,Guatraché,42070,4742,138,9834,9511,323,0,9511,4734,4777,0
42,La Pampa,42077,Hucal,42077,4322,20,7914,7828,86,0,7828,3895,3933,0
42,La Pampa,42084,Lihuel Calel,42084,445,4,437,417,20,0,417,186,231,0
42,La Pampa,42091,Limay Mahuida,42091,286,8,420,410,10,0,410,195,215,0
42,La Pampa,42098,Loventué,42098,4567,29,9400,9343,57,0,9343,4686,4657,0
42,La Pampa,42105,Maracó,42105,30214,0,70156,70156,0,0,70156,36182,33971,3
42,La Pampa,42112,Puelén,42112,4611,18,12035,12017,18,0,12017,5986,6031,0
42,La Pampa,42119,Quemú Quemú,42119,3981,12,8566,8501,65,0,8501,4186,4315,0
42,La Pampa,42126,Rancul,42126,5303,16,11161,11121,40,0,11121,5482,5639,0
42,La Pampa,42133,Realicó,42133,7832,30,17700,17586,114,0,17586,8885,8701,0
42,La Pampa,42140,Toay,42140,7251,8,18387,18281,106,0,18281,9157,9124,0
42,La Pampa,42147,Trenel,42147,2863,8,5788,5723,65,0,5723,2853,2870,0
42,La Pampa,42154,Utracán,42154,8087,41,18063,17933,130,0,17933,8996,8937,0
46,La Rioja,46007,Arauco,46007,6684,10,16625,16619,6,0,16619,8408,8211,0
46,La Rioja,46014,Capital,46014,78779,66,212225,211097,1128,0,211097,109673,101403,21
46,La Rioja,46021,Castro Barros,46021,2914,0,4841,4841,0,0,4841,2421,2412,8
46,La Rioja,46028,Coronel Felipe Varela,46028,4688,44,11406,11388,18,0,11388,5630,5758,0
46,La Rioja,46035,Chamical,46035,6468,16,15762,15702,60,0,15702,8058,7643,1
46,La Rioja,46042,Chilecito,46042,21156,56,60175,60014,161,0,60014,30747,29250,17
46,La Rioja,46049,Famatina ,46049,3307,15,6961,6944,17,0,6944,3449,3495,0
46,La Rioja,46056,General Angel V. Peñaloza,46056,1278,3,3175,3174,1,0,3174,1585,1589,0
46,La Rioja,46063,General Belgrano,46063,3435,8,7649,7647,2,0,7647,3901,3746,0
46,La Rioja,46070,General Juan F. Quiroga,46070,1728,3,3828,3824,4,0,3824,1836,1987,1
46,La Rioja,46077,General Lamadrid,46077,839,1,1876,1875,1,0,1875,964,911,0
46,La Rioja,46084,General Ocampo,46084,3081,2,7360,7358,2,0,7358,3649,3709,0
46,La Rioja,46091,General San Martín,46091,2057,3,5028,5026,2,0,5026,2507,2517,2
46,La Rioja,46098,Vinchina,46098,1232,6,2686,2681,5,0,2681,1297,1384,0
46,La Rioja,46105,Independencia,46105,968,4,2405,2403,2,0,2403,1189,1214,0
46,La Rioja,46112,Rosario Vera Peñaloza,46112,7150,18,15441,15422,19,0,15422,7857,7564,1
46,La Rioja,46119,San Blas de los Sauces,46119,2088,9,4317,4310,7,0,4310,2186,2124,0
46,La Rioja,46126,Sanagasta,46126,2058,8,2847,2803,44,0,2803,1430,1373,0
50,Mendoza,50007,Capital,50007,60477,249,122840,118930,3899,11,118941,63539,55366,36
50,Mendoza,50014,General Alvear,50014,20108,98,50209,49930,279,0,49930,25897,24025,8
50,Mendoza,50021,Godoy Cruz,50021,72157,49,195183,194542,638,3,194545,102760,91772,13
50,Mendoza,50028,Guaymallén,50028,108096,123,321371,320278,1086,7,320285,165716,154502,67
50,Mendoza,50035,Junín,50035,14593,19,45673,45459,214,0,45459,23262,22177,20
50,Mendoza,50042,La Paz,50042,4402,20,12020,11931,89,0,11931,6041,5890,0
50,Mendoza,50049,Las Heras,50049,73399,132,228525,227885,640,0,227885,117506,110362,17
50,Mendoza,50056,Lavalle,50056,14672,15,47529,47448,81,0,47448,23904,23541,3
50,Mendoza,50063,Luján de Cuyo,50063,59479,167,172109,168952,3157,0,168952,86560,82303,89
50,Mendoza,50070,Maipú,50070,67727,50,214412,213797,615,0,213797,109666,104083,48
50,Mendoza,50077,Malargüe,50077,12301,105,33107,32977,130,0,32977,16678,16296,3
50,Mendoza,50084,Rivadavia,50084,20908,24,63473,63338,135,0,63338,32453,30882,3
50,Mendoza,50091,San Carlos,50091,13528,44,40024,39912,112,0,39912,20226,19679,7
50,Mendoza,50098,San Martín,50098,44533,41,138429,138047,382,0,138047,71213,66773,61
50,Mendoza,50105,San Rafael,50105,82865,487,210478,209068,1410,0,209068,108312,100670,86
50,Mendoza,50112,Santa Rosa,50112,6475,17,19410,19407,3,0,19407,9621,9785,1
50,Mendoza,50119,Tunuyán,50119,19527,70,58780,58534,246,0,58534,30193,28332,9
50,Mendoza,50126,Tupungato,50126,13107,34,40961,40846,115,0,40846,20458,20381,7
54,Misiones,54007,Apóstoles,54007,18597,20,51169,51073,96,0,51073,25970,25100,3
54,Misiones,54014,Cainguás,54014,21611,29,59569,59476,93,0,59476,29557,29917,2
54,Misiones,54021,Candelaria,54021,13097,2,35710,35394,316,0,35394,18053,17339,2
54,Misiones,54028,Capital,54028,144457,98,393612,392072,1514,26,392098,205542,186523,33
54,Misiones,54035,Concepción,54035,3766,8,10139,10108,31,0,10108,5131,4977,0
54,Misiones,54042,Eldorado,54042,31902,41,91824,91162,662,0,91162,46798,44360,4
54,Misiones,54049,General Manuel Belgrano,54049,16453,23,46724,46609,115,0,46609,23179,23422,8
54,Misiones,54056,Guaraní,54056,28246,16,77150,77066,84,0,77066,38416,38644,6
54,Misiones,54063,Iguazú,54063,34979,181,99013,98673,340,0,98673,50062,48605,6
54,Misiones,54070,Leandro N. Alem,54070,18914,12,50322,49907,415,0,49907,25371,24536,0
54,Misiones,54077,Libertador Grl. San Martín,54077,19531,21,52503,52241,262,0,52241,26464,25776,1
54,Misiones,54084,Montecarlo,54084,14086,20,38317,38263,54,0,38263,19339,18923,1
54,Misiones,54091,Oberá,54091,44475,74,121990,120995,995,0,120995,61787,59204,4
54,Misiones,54098,San Ignacio,54098,23237,70,63990,63726,264,0,63726,32477,31248,1
54,Misiones,54105,San Javier,54105,8696,14,23357,22970,387,0,22970,11673,11294,3
54,Misiones,54112,San Pedro,54112,12514,17,35088,34967,121,0,34967,17213,17752,2
54,Misiones,54119,25 de Mayo,54119,12289,6,30483,30440,43,0,30440,15152,15287,1
58,Neuquén,58007,Aluminé,58007,5077,7,10529,10457,72,0,10457,5237,5216,4
58,Neuquén,58014,Añelo,58014,7718,11,17893,17876,17,0,17876,8642,9227,7
58,Neuquén,58021,Catán Lil,58021,1079,6,2588,2538,50,0,2538,1209,1318,11
58,Neuquén,58028,Collón Curá,58028,1982,20,4781,4773,8,0,4773,2405,2366,2
58,Neuquén,58035,Confluencia,58035,175795,122,481462,479323,2132,7,479330,245687,233493,150
58,Neuquén,58042,Chos Malal,58042,7017,21,18553,18485,68,0,18485,9471,8992,22
58,Neuquén,58049,Huiliches,58049,7558,35,20081,19946,135,0,19946,10164,9762,20
58,Neuquén,58056,Lácar,58056,16532,2,39870,39843,27,0,39843,20472,19358,13
58,Neuquén,58063,Loncopué,58063,2849,10,7763,7761,2,0,7761,3882,3879,0
58,Neuquén,58070,Los Lagos,58070,6537,21,15552,15509,43,0,15509,7740,7769,0
58,Neuquén,58077,Minas,58077,4299,45,9299,9206,93,0,9206,4492,4713,1
58,Neuquén,58084,Ñorquín,58084,2772,31,5700,5644,56,0,5644,2746,2897,1
58,Neuquén,58091,Pehuenches,58091,12076,23,33545,33513,32,0,33513,16407,17106,0
58,Neuquén,58098,Picún Leufú,58098,2633,2,5102,5102,0,0,5102,2479,2623,0
58,Neuquén,58105,Picunches,58105,3415,2,8552,8531,21,0,8531,4326,4205,0
58,Neuquén,58112,Zapala ,58112,16346,34,45320,45156,164,0,45156,23279,21831,46
62,Río Negro,62007,Adolfo Alsina,62007,25407,63,65273,64535,738,0,64535,33324,31202,9
62,Río Negro,62014,Avellaneda,62014,16542,33,41847,41639,208,0,41639,21056,20579,4
62,Río Negro,62021,Bariloche,62021,67598,465,164065,163407,658,0,163407,83987,79377,43
62,Río Negro,62028,Conesa,62028,3041,7,7414,7383,31,0,7383,3663,3719,1
62,Río Negro,62035,El Cuy,62035,3105,4,6698,6692,6,0,6692,3098,3592,2
62,Río Negro,62042,General Roca,62042,138760,112,388129,386396,1733,0,386396,198820,187548,28
62,Río Negro,62049,9 de Julio,62049,2363,4,3654,3617,37,0,3617,1733,1884,0
62,Río Negro,62056,Ñorquincó,62056,824,1,1480,1468,12,0,1468,640,828,0
62,Río Negro,62063,Pichi Mahuida,62063,7302,28,17012,16955,57,0,16955,8655,8295,5
62,Río Negro,62070,Pilcaniyeu,62070,3917,26,9567,9487,80,0,9487,4720,4765,2
62,Río Negro,62077,San Antonio,62077,17973,137,36588,36250,338,0,36250,18425,17819,6
62,Río Negro,62084,Valcheta,62084,1796,3,4493,4474,19,0,4474,2219,2255,0
62,Río Negro,62091,25 de Mayo,62091,6874,27,15847,15698,149,0,15698,7896,7791,11
66,Salta,66007,Anta,66007,21306,70,68543,67306,1237,0,67306,33478,33806,22
66,Salta,66014,Cachi,66014,3866,15,9039,9013,26,0,9013,4528,4485,0
66,Salta,66021,Cafayate,66021,5953,43,17992,17935,57,0,17935,9249,8685,1
66,Salta,66028,Capital,66028,207793,287,627107,623220,3670,217,623437,326558,296788,91
66,Salta,66035,Cerrillos ,66035,17656,15,56287,56006,281,0,56006,28625,27377,4
66,Salta,66042,Chicoana,66042,8031,18,24913,24899,14,0,24899,12754,12144,1
66,Salta,66049,General Güemes,66049,17958,5,56948,56523,425,0,56523,28842,27678,3
66,Salta,66056,Grl. José de San Martín,66056,57795,79,178367,177641,726,0,177641,90771,86859,11
66,Salta,66063,Guachipas,66063,1416,5,3757,3757,0,0,3757,1830,1927,0
66,Salta,66070,Iruya,66070,2751,11,5526,5523,3,0,5523,2841,2677,5
66,Salta,66077,La Caldera,66077,5745,21,12458,12396,62,0,12396,6176,6215,5
66,Salta,66084,La Candelaria,66084,2620,12,7289,7266,23,0,7266,3608,3658,0
66,Salta,66091,La Poma,66091,715,0,1799,1799,0,0,1799,944,855,0
66,Salta,66098,La Viña,66098,3446,9,8879,8867,12,0,8867,4513,4353,1
66,Salta,66105,Los Andes,66105,2500,9,7912,7237,675,0,7237,3672,3565,0
66,Salta,66112,Metán,66112,16984,40,47395,47138,257,0,47138,23913,23219,6
66,Salta,66119,Molinos,66119,2108,16,5835,5819,16,0,5819,2960,2859,0
66,Salta,66126,Orán,66126,51149,77,160314,159323,964,27,159350,80756,78556,38
66,Salta,66133,Rivadavia,66133,11653,3,37873,37845,28,0,37845,18803,19041,1
66,Salta,66140,Rosario de la Frontera,66140,12449,9,34497,34493,4,0,34493,17673,16808,12
66,Salta,66147,Rosario de Lerma,66147,17101,9,51183,51092,91,0,51092,25990,25093,9
66,Salta,66154,San Carlos,66154,3006,13,7751,7732,19,0,7732,3881,3851,0
66,Salta,66161,Santa Victoria,66161,4432,0,9008,9008,0,0,9008,4600,4399,9
70,San Juan,70007,Albardón,70007,9448,1,31229,31226,3,0,31226,15825,15399,2
70,San Juan,70014,Angaco,70014,3038,3,10149,10145,4,0,10145,5062,5083,0
70,San Juan,70021,Calingasta,70021,4184,82,10985,10612,373,0,10612,5170,5442,0
70,San Juan,70028,Capital,70028,48382,43,113773,113323,430,20,113343,60227,53026,90
70,San Juan,70035,Caucete,70035,13110,11,44814,44781,33,0,44781,22796,21980,5
70,San Juan,70042,Chimbas,70042,29151,3,105181,103311,1870,0,103311,52908,50392,11
70,San Juan,70049,Iglesia,70049,3877,55,8763,8737,26,0,8737,4319,4418,0
70,San Juan,70056,Jáchal,70056,9350,41,25462,25435,27,0,25435,12923,12511,1
70,San Juan,70063,9 de Julio,70063,3406,2,12092,12074,18,0,12074,6078,5996,0
70,San Juan,70070,Pocito,70070,20572,3,74478,74443,35,0,74443,37830,36582,31
70,San Juan,70077,Rawson,70077,41622,7,136177,136133,43,1,136134,70280,65826,28
70,San Juan,70084,Rivadavia,70084,31760,9,99373,99036,337,0,99036,51556,47417,63
70,San Juan,70091,San Martín,70091,4364,0,14910,14910,0,0,14910,7491,7419,0
70,San Juan,70098,Santa Lucía,70098,19592,6,60919,60887,32,0,60887,31446,29396,45
70,San Juan,70105,Sarmiento,70105,8273,2,27293,27293,0,0,27293,13485,13808,0
70,San Juan,70112,Ullúm,70112,2435,0,6463,6463,0,0,6463,3191,3271,1
70,San Juan,70119,Valle Fértil,70119,3883,98,8823,8710,113,0,8710,4368,4341,1
70,San Juan,70126,25 de Mayo,70126,6053,3,20842,20838,4,0,20838,10352,10485,1
70,San Juan,70133,Zonda,70133,2547,18,6508,6499,9,0,6499,3243,3256,0
74,San Luis,74007,Ayacucho,74007,9415,64,23955,23690,265,0,23690,11933,11755,2
74,San Luis,74014,Belgrano,74014,2905,1,5412,5404,8,0,5404,2567,2837,0
74,San Luis,74021,Coronel Pringles,74021,7824,26,16024,16023,1,0,16023,7914,8105,4
74,San Luis,74028,Chacabuco,74028,10411,29,25432,25397,35,0,25397,12753,12636,8
74,San Luis,74035,General Pedernera,74035,54052,56,150038,149829,209,0,149829,76672,73139,18
74,San Luis,74042,Gobernador Dupuy,74042,5546,12,14202,14193,9,0,14193,6897,7295,1
74,San Luis,74049,Junín,74049,17722,59,40930,40802,128,0,40802,20922,19877,3
74,San Luis,74056,La Capital,74056,91206,91,260295,259913,378,4,259917,134127,125716,74
74,San Luis,74063,Libertador General San Martín,74063,2190,1,4617,4617,0,0,4617,2170,2447,0
78,Santa Cruz,78007,Corpen Aike,78007,6029,21,15027,14857,170,0,14857,7547,7310,0
78,Santa Cruz,78014,Deseado,78014,46937,78,126179,125569,610,0,125569,63116,62421,32
78,Santa Cruz,78021,Güer Aike,78021,54085,65,135511,134931,580,0,134931,68633,66289,9
78,Santa Cruz,78028,Lago Argentino,78028,10908,231,25403,25172,231,0,25172,12703,12466,3
78,Santa Cruz,78035,Lago Buenos Aires,78035,5354,40,12618,12586,32,0,12586,6271,6311,4
78,Santa Cruz,78042,Magallanes,78042,5566,28,12752,12651,101,0,12651,6350,6301,0
78,Santa Cruz,78049,Río Chico,78049,2516,23,5983,5941,42,0,5941,3002,2939,0
82,Santa Fe,82007,Belgrano,82007,22698,38,48955,48693,262,0,48693,24641,24037,15
82,Santa Fe,82014,Caseros,82014,38937,73,88276,87471,805,0,87471,45012,42450,9
82,Santa Fe,82021,Castellanos,82021,76515,105,193675,192517,1158,0,192517,98340,94162,15
82,Santa Fe,82028,Constitución,82028,36835,44,94068,93597,471,0,93597,48038,45535,24
82,Santa Fe,82035,Garay,82035,10027,20,24931,24853,78,0,24853,12554,12287,12
82,Santa Fe,82042,General López,82042,88829,143,205389,204128,1261,0,204128,104812,99301,15
82,Santa Fe,82049,General Obligado,82049,69506,101,198212,197544,668,0,197544,101501,95997,46
82,Santa Fe,82056,Iriondo,82056,32304,82,74924,74132,792,0,74132,38104,36012,16
82,Santa Fe,82063,La Capital,82063,225917,246,573448,570666,2716,66,570732,299470,271096,166
82,Santa Fe,82070,Las Colonias,82070,48918,93,117080,116020,1060,0,116020,59086,56928,6
82,Santa Fe,82077,9 de Julio,82077,12264,20,31435,31371,64,0,31371,15877,15494,0
82,Santa Fe,82084,Rosario,82084,571423,599,1342619,1334493,7983,143,1334636,698548,635868,220
82,Santa Fe,82091,San Cristóbal,82091,29727,27,72716,72574,142,0,72574,37046,35515,13
82,Santa Fe,82098,San Javier,82098,12576,28,34030,33936,94,0,33936,17293,16639,4
82,Santa Fe,82105,San Jerónimo,82105,36482,102,84920,84189,731,0,84189,43174,40987,28
82,Santa Fe,82112,San Justo,82112,19143,33,47240,47061,179,0,47061,24141,22918,2
82,Santa Fe,82119,San Lorenzo,82119,77036,64,197327,196568,759,0,196568,100866,95673,29
82,Santa Fe,82126,San Martín,82126,28034,67,70029,69426,603,0,69426,35425,33986,15
82,Santa Fe,82133,Vera,82133,21481,43,57248,56553,695,0,56553,29087,27457,9
86,Santiago del Estero,86007,Aguirre,86007,3954,2,8808,8797,11,0,8797,4421,4375,1
86,Santiago del Estero,86014,Alberdi,86014,6799,0,19954,19954,0,0,19954,9746,10208,0
86,Santiago del Estero,86021,Atamisqui,86021,4987,2,14692,14683,9,0,14683,7292,7390,1
86,Santiago del Estero,86028,Avellaneda,86028,8268,0,25025,25025,0,0,25025,12420,12604,1
86,Santiago del Estero,86035,Banda,86035,51994,16,169862,169550,285,27,169577,87579,81987,11
86,Santiago del Estero,86042,Belgrano,86042,3805,8,10662,10651,11,0,10651,5301,5341,9
86,Santiago del Estero,86049,Capital,86049,110238,93,329084,327142,1919,23,327165,171387,155661,117
86,Santiago del Estero,86056,Copo,86056,12793,5,35669,35581,88,0,35581,17513,18066,2
86,Santiago del Estero,86063,Choya,86063,15599,10,43653,43590,63,0,43590,22099,21490,1
86,Santiago del Estero,86070,Figueroa,86070,6127,3,20063,20049,14,0,20049,9786,10261,2
86,Santiago del Estero,86077,General Taboada,86077,14207,15,45752,45540,212,0,45540,22987,22550,3
86,Santiago del Estero,86084,Guasayán,86084,3557,2,8775,8772,3,0,8772,4305,4467,0
86,Santiago del Estero,86091,Jiménez,86091,6503,5,18567,18564,3,0,18564,9276,9288,0
86,Santiago del Estero,86098,Juan F. Ibarra,86098,6253,11,20459,20437,22,0,20437,10176,10259,2
86,Santiago del Estero,86105,Loreto,86105,7278,8,23966,23926,40,0,23926,12071,11855,0
86,Santiago del Estero,86112,Mitre,86112,659,0,1437,1437,0,0,1437,670,767,0
86,Santiago del Estero,86119,Moreno,86119,11621,16,40023,39914,109,0,39914,19687,20225,2
86,Santiago del Estero,86126,Ojo de Agua,86126,6087,0,14976,14976,0,0,14976,7544,7432,0
86,Santiago del Estero,86133,Pellegrini,86133,9649,4,26653,26652,1,0,26652,12990,13662,0
86,Santiago del Estero,86140,Quebrachos,86140,4277,2,11339,11322,17,0,11322,5753,5565,4
86,Santiago del Estero,86147,Río Hondo,86147,22027,124,66836,66690,146,0,66690,33792,32895,3
86,Santiago del Estero,86154,Rivadavia,86154,2185,2,5287,5286,1,0,5286,2611,2675,0
86,Santiago del Estero,86161,Robles,86161,16900,20,53221,53100,121,0,53100,27015,26075,10
86,Santiago del Estero,86168,Salavina,86168,4485,0,12744,12732,12,0,12732,6147,6584,1
86,Santiago del Estero,86175,San Martín,86175,3661,4,11626,10957,669,0,10957,5455,5502,0
86,Santiago del Estero,86182,Sarmiento,86182,1660,1,5049,5045,4,0,5045,2488,2556,1
86,Santiago del Estero,86189,Silípica,86189,3132,0,9846,9846,0,0,9846,4872,4974,0
90,Tucumán,90007,Burruyacú,90007,13907,2,43727,43727,0,0,43727,21735,21988,4
90,Tucumán,90014,Cruz Alta,90014,63321,10,226150,225935,215,0,225935,115265,110648,22
90,Tucumán,90021,Chicligasta,90021,26938,7,92085,91988,97,0,91988,47363,44623,2
90,Tucumán,90028,Famaillá,90028,11832,6,41816,41806,10,0,41806,21179,20619,8
90,Tucumán,90035,Graneros,90035,5288,0,14866,14866,0,0,14866,7384,7482,0
90,Tucumán,90042,Juan Bautista Alberdi,90042,11074,6,34189,34189,0,0,34189,17382,16803,4
90,Tucumán,90049,La Cocha,90049,6579,0,21000,21000,0,0,21000,10633,10366,1
90,Tucumán,90056,Leales,90056,20390,4,64732,64700,32,0,64700,32676,32002,22
90,Tucumán,90063,Lules,90063,27567,3,89622,89606,16,0,89606,45704,43895,7
90,Tucumán,90070,Monteros,90070,23936,4,77198,77142,56,0,77142,39418,37715,9
90,Tucumán,90077,Río Chico,90077,19900,3,64146,64137,9,0,64137,32684,31449,4
90,Tucumán,90084,Capital,90084,202640,109,584798,583255,1486,57,583312,307254,275810,248
90,Tucumán,90091,Simoca,90091,11832,5,35051,35048,3,0,35048,17466,17574,8
90,Tucumán,90098,Tafí del Valle,90098,15299,153,20091,20002,89,0,20002,10014,9985,3
90,Tucumán,90105,Tafí Viejo,90105,53517,11,169363,169227,136,0,169227,87086,82071,70
90,Tucumán,90112,Trancas,90112,10879,50,22478,22455,23,0,22455,11138,11294,23
90,Tucumán,90119,Yerba Buena,90119,30520,9,101874,101705,169,0,101705,52614,49079,12
94,Tierra del Fuego,94007,Río Grande,94007,33879,4,98017,97727,290,0,97727,49064,48546,117
94,Tierra del Fuego,94014,Ushuaia,94014,30372,120,82615,82200,415,0,82200,41427,40712,61
94,Tierra del Fuego,94021,Islas del Atlántico Sur,94021,0,0,0,0,0,0,0,0,0,0
94,Tierra del Fuego,94028,Antártida Argentina,94028,0,1,130,0,130,0,0,0,0,0
94,Tierra del Fuego,94035,Tolhuin,94035,2840,12,9879,9858,21,0,9858,4678,5180,0
